"DESCRIPTION","DURATION IN MS","NAME","PARENT SUITE","START TIME","STATUS","STOP TIME","SUB SUITE","SUITE","TEST CLASS","TEST METHOD"
"","22","Get cost center count","FinanceAllAPI","2026-06-05","broken","2026-06-05","financeSuite.FinanceAllAPI","FinanceAllAPI-Test","financeSuite.FinanceAllAPI","costCenterCount"
"","0","Create company using unauthorized user tokens - expect 403","FinanceAllAPI","2026-06-05","skipped","2026-06-05","financeSuite.FinanceAllAPI","FinanceAllAPI-Test","financeSuite.FinanceAllAPI","createCompanyWithUnauthorizedUser"
"","4","Get credit memo / invoice-adjustment count","FinanceCreditMemoAPI","2026-06-05","skipped","2026-06-05","financeSuite.FinanceCreditMemoAPI","FinanceCreditMemoAPI-Test","financeSuite.FinanceCreditMemoAPI","creditMemoCount"
"","0","Verify amount <= 10k does not require L1/L2/L3 approvers","FinanceCreditMemoAPI","2026-06-05","skipped","2026-06-05","financeSuite.FinanceCreditMemoAPI","FinanceCreditMemoAPI-Test","financeSuite.FinanceCreditMemoAPI","verifyNoApprovalRequiredWhenAmountBelow10k"
"","0","Search chart of accounts master","FinanceAllAPI","2026-06-05","skipped","2026-06-05","financeSuite.FinanceAllAPI","FinanceAllAPI-Test","financeSuite.FinanceAllAPI","searchChartOfAccountsMaster"
"","0","Level-2 approval by Finance Controller (Abinaya) - required for amount > 10k (up to 1L)","FinanceCreditMemoAPI","2026-06-05","skipped","2026-06-05","financeSuite.FinanceCreditMemoAPI","FinanceCreditMemoAPI-Test","financeSuite.FinanceCreditMemoAPI","approveCreditMemoByFinanceController"
"","0","Search credit memos / invoice adjustments","FinanceCreditMemoAPI","2026-06-05","skipped","2026-06-05","financeSuite.FinanceCreditMemoAPI","FinanceCreditMemoAPI-Test","financeSuite.FinanceCreditMemoAPI","creditMemoSearch"
"","0","Create Credit Memo (Senior Accountant - Khushbu)","FinanceCreditMemoAPI","2026-06-05","skipped","2026-06-05","financeSuite.FinanceCreditMemoAPI","FinanceCreditMemoAPI-Test","financeSuite.FinanceCreditMemoAPI","createCreditMemo"
"","0","Find an eligible (POSTED/PAID) AP invoice and capture id / glAccount / costCenter","FinanceCreditMemoAPI","2026-06-05","skipped","2026-06-05","financeSuite.FinanceCreditMemoAPI","FinanceCreditMemoAPI-Test","financeSuite.FinanceCreditMemoAPI","searchEligibleApInvoice"
"","1","Approval workflow L1+L3: amount 150k (>1L) - GAM then SGAM (FC not in 10k-1L band)","FinanceCreditMemoAPI","2026-06-05","skipped","2026-06-05","financeSuite.FinanceCreditMemoAPI","FinanceCreditMemoAPI-Test","financeSuite.FinanceCreditMemoAPI","approvalWorkflow_L1_and_L3_forAmount150k"
"","0","Create journal entry using unauthorized user tokens - expect 403","FinanceAllAPI","2026-06-05","skipped","2026-06-05","financeSuite.FinanceAllAPI","FinanceAllAPI-Test","financeSuite.FinanceAllAPI","createJournalEntryWithUnauthorizedUser"
"","0","Create profit center using unauthorized user tokens - expect 403","FinanceAllAPI","2026-06-05","skipped","2026-06-05","financeSuite.FinanceAllAPI","FinanceAllAPI-Test","financeSuite.FinanceAllAPI","createProfitCenterWithUnauthorizedUser"
"","0","Approval workflow L1+L2: amount 50k (10k-1L band) - GAM then FC","FinanceCreditMemoAPI","2026-06-05","skipped","2026-06-05","financeSuite.FinanceCreditMemoAPI","FinanceCreditMemoAPI-Test","financeSuite.FinanceCreditMemoAPI","approvalWorkflow_L1_and_L2_forAmount50k"
"","0","Search profit center records","FinanceAllAPI","2026-06-05","skipped","2026-06-05","financeSuite.FinanceAllAPI","FinanceAllAPI-Test","financeSuite.FinanceAllAPI","profitCenterSearch"
"","0","Generate journal entry number","FinanceAllAPI","2026-06-05","skipped","2026-06-05","financeSuite.FinanceAllAPI","FinanceAllAPI-Test","financeSuite.FinanceAllAPI","generateJeNumber"
"","27","Get journal entry count","FinanceAllAPI","2026-06-05","broken","2026-06-05","financeSuite.FinanceAllAPI","FinanceAllAPI-Test","financeSuite.FinanceAllAPI","journalEntryCount"
"","25","Search GL company","FinanceAllAPI","2026-06-05","broken","2026-06-05","financeSuite.FinanceAllAPI","FinanceAllAPI-Test","financeSuite.FinanceAllAPI","glSearchCompany"
"","1","Re-search the Credit Memo and verify it transitioned out of DRAFT/PENDING_REVIEW","FinanceCreditMemoAPI","2026-06-05","skipped","2026-06-05","financeSuite.FinanceCreditMemoAPI","FinanceCreditMemoAPI-Test","financeSuite.FinanceCreditMemoAPI","verifyCreditMemoFinalState"
"","0","Create cost center using unauthorized user tokens - expect 403","FinanceAllAPI","2026-06-05","skipped","2026-06-05","financeSuite.FinanceAllAPI","FinanceAllAPI-Test","financeSuite.FinanceAllAPI","createCostCenterWithUnauthorizedUser"
"","0","Submit Credit Memo for review (status=PENDING_REVIEW)","FinanceCreditMemoAPI","2026-06-05","skipped","2026-06-05","financeSuite.FinanceCreditMemoAPI","FinanceCreditMemoAPI-Test","financeSuite.FinanceCreditMemoAPI","submitCreditMemoForReview"
"","0","Create GL account using unauthorized user tokens - expect 403","FinanceAllAPI","2026-06-05","skipped","2026-06-05","financeSuite.FinanceAllAPI","FinanceAllAPI-Test","financeSuite.FinanceAllAPI","createGlAccountWithUnauthorizedUser"
"","26","Get profit center count","FinanceAllAPI","2026-06-05","broken","2026-06-05","financeSuite.FinanceAllAPI","FinanceAllAPI-Test","financeSuite.FinanceAllAPI","profitCenterCount"
"","0","Approval workflow L1+L3: amount 101k (>1L) - GAM then SGAM (FC not in 10k-1L band)","FinanceCreditMemoAPI","2026-06-05","skipped","2026-06-05","financeSuite.FinanceCreditMemoAPI","FinanceCreditMemoAPI-Test","financeSuite.FinanceCreditMemoAPI","approvalWorkflow_L1_and_L3_above1Lakh"
"","323","Search currency records","FinanceAllAPI","2026-06-05","broken","2026-06-05","financeSuite.FinanceAllAPI","FinanceAllAPI-Test","financeSuite.FinanceAllAPI","searchCurrency"
"","0","Level-3 approval by Senior Group Accounting Manager (Suyash) - required for amount > 1 lakh","FinanceCreditMemoAPI","2026-06-05","skipped","2026-06-05","financeSuite.FinanceCreditMemoAPI","FinanceCreditMemoAPI-Test","financeSuite.FinanceCreditMemoAPI","approveCreditMemoBySeniorGroupAccountingManager"
"","0","Search cost center records","FinanceAllAPI","2026-06-05","skipped","2026-06-05","financeSuite.FinanceAllAPI","FinanceAllAPI-Test","financeSuite.FinanceAllAPI","costCenterSearch"
"","0","Search journal entries","FinanceAllAPI","2026-06-05","skipped","2026-06-05","financeSuite.FinanceAllAPI","FinanceAllAPI-Test","financeSuite.FinanceAllAPI","journalEntrySearch"
"","0","Approval workflow L1+L2: amount 15k (>10k, <=1L) - GAM then FC","FinanceCreditMemoAPI","2026-06-05","skipped","2026-06-05","financeSuite.FinanceCreditMemoAPI","FinanceCreditMemoAPI-Test","financeSuite.FinanceCreditMemoAPI","approvalWorkflow_L1_and_L2_forAmount15k"
"","0","Level-1 approval by Group Accounting Manager (Rohini) - required for amount > 10k","FinanceCreditMemoAPI","2026-06-05","skipped","2026-06-05","financeSuite.FinanceCreditMemoAPI","FinanceCreditMemoAPI-Test","financeSuite.FinanceCreditMemoAPI","approveCreditMemoByGroupAccountingManager"
